index,type,params,density
0,Hopalong1,"[-0.5158644902594518, 0.8339880764969465, 0.3072867573770197, 0.6447403778147975]",0.0715
1,Hopalong1,"[-0.5861604520966763, 0.6383253381243768, 0.6172091571253044, -0.7666249660207152]",0.2732
2,Hopalong1,"[-0.6247202683361661, -0.19365639515510802, -0.13449091511250488, -0.34578894926995973]",0.2528
3,Clifford,"[-0.0424115083672818, 0.5397900156471971, 1.2855260547312204, 1.9444413069334936, -1.2086422897213978, -0.4108166905394661]",0.1951
4,Clifford,"[-0.9099015260051779, 0.005034009523009253, 1.037817544014691, 1.5288510771337207, 0.3631729833544859, 1.7804621593561438]",0.097
5,Hopalong1,"[-0.7534604628767612, -0.8907579932054799, 0.7676271599174336, -0.6239604128693126]",0.1617
6,De_Jong,"[-0.21361695202455633, -0.3847575947855575, 1.9949777861820377, -0.07196357935624809, -1.8666667631724359, 0.5415756758057868]",0.7046
7,Clifford,"[0.1347178193155525, 0.6948653603717037, -0.9498237577619513, -1.0122329714593357, 1.9761033948049431, 1.0330211664064732]",0.2904
8,Hopalong1,"[0.16290438204191116, -0.025489715736028984, -0.022099928206962938, -0.22540628726688272]",0.3841
9,Fractal_Dream,"[-0.23980376905068512, 0.1534351907688598, -1.519605768629635, 1.0956926508275604, -1.1431400104356721, 1.7664793032367028]",0.5085
10,Hopalong1,"[-0.3221155655139327, 0.38183380427736835, 0.31688609039420745, -0.4297142831737788]",0.1202
11,De_Jong,"[-0.08488198127002033, -0.9556983372034871, -1.2186298901796908, 1.1800009743815512, -1.6262690748358288, 1.5002038978918821]",0.4353
12,Hopalong1,"[-0.7625571829890296, 0.27736703139201024, -0.20377145166235655, 0.3440724374959563]",0.1034
13,Clifford,"[0.7457823881506107, -0.9482028208622313, -1.9981751586994725, -1.6667377101048775, -1.7585605628647376, 1.0599747371190582]",0.8617
14,Clifford,"[0.5894117000076418, 0.6257909048985941, 1.5894533443278003, 0.8996381600497187, -1.3905362157486785, -1.062571818113704]",0.2292
15,De_Jong,"[-0.16974076481029177, 0.9571158708930749, -1.5953059605474924, 1.489670394647244, -0.9728543369432243, 1.0046042734742358]",0.102
16,Fractal_Dream,"[-0.5844712362653837, 0.8890691815034484, -1.2341305957630104, 1.7624796232361666, 0.6308998383145576, -1.6378468876749102]",0.2629
17,De_Jong,"[-0.9506743035914134, 0.36658249541191523, 1.9349629909046606, -1.3999352020548392, -1.6364379753573046, 1.9603413073669196]",0.6377
18,Clifford,"[-0.8462273601543686, -0.161754324672847, -1.6275863471882355, -1.6097910884383757, 0.9929651546518978, 1.4794906418679572]",0.4001
19,De_Jong,"[-0.3776603416720763, -0.8247808110331953, -0.3834638551064229, 1.9662756578732927, 1.042590868993515, -1.5745969781534424]",0.5153
20,Clifford,"[0.3604467850519999, -0.9719123684128415, -1.6358802268233203, -1.9350333147832939, 0.17967419757290193, 1.9277069985532735]",0.2268
21,Hopalong1,"[0.7395092457256167, -0.9059846604087614, -0.6356977095556378, 0.9948228108405699]",0.1543
22,Hopalong1,"[-0.3105182101733568, 0.8773747331200816, 0.3505258536882052, -0.653467117935743]",0.1656
23,Fractal_Dream,"[-0.6153671920439532, -0.5722474259470756, 1.312852977015328, 1.503392712319235, -1.437199925250721, 0.6008715937689488]",0.5144
24,Hopalong1,"[-0.07958514687224638, -0.4190327706701089, 0.37887474723361714, 0.9334886769836277]",0.2467
25,Hopalong1,"[-0.541317010982439, -0.08335478083791092, -0.10374151792142938, 0.4193179738671329]",0.2913
26,Hopalong1,"[-0.36355283006856953, -0.33002679817814595, 0.6813302440649049, -0.5614635860983272]",0.2028
27,Fractal_Dream,"[0.7080310076872232, 0.5986381998669192, -1.325342137859093, 1.4458030353126357, -1.637094597573812, -1.8703152882285248]",0.3132
28,Clifford,"[0.897978010431111, 0.6756566260288832, -1.330582125631968, 1.3203508460875257, 1.281566960890312, -0.3595143401819909]",0.2453
29,Hopalong1,"[-0.14036169988308256, -0.8143440423137873, -0.43784499070959004, -0.9751524945969852]",0.3381
30,Hopalong1,"[-0.48494956976727166, -0.9445371608493836, 0.8408866550609657, 0.9189356376455762]",0.1138
31,Fractal_Dream,"[-0.4047041032437142, 0.6596588393174163, 1.556434958443925, 1.9231708207342226, -0.5124156564625326, 1.2410333339592108]",0.527
32,Hopalong1,"[-0.09689889547891695, 0.47294986194308275, 0.4869575947008644, 0.19193675027432167]",0.0975
33,De_Jong,"[-0.5040048545678859, -0.6927002134060105, 1.8328029301946276, -0.3550124511985375, 1.8755954628429996, 0.8875396707976888]",0.2316
34,Clifford,"[0.8215998444567969, 0.7609275671909312, -1.3131564852761626, -1.9788694115078513, 1.7815164747652261, 1.2219854263558196]",0.6657
35,Hopalong1,"[-0.49467660028108185, -0.9779365468432071, -0.6807119736249008, 0.13904005430937105]",0.2498
36,Hopalong1,"[-0.6127608800245765, 0.165718827676967, 0.7421938249939704, 0.2484329144094337]",0.2596
37,De_Jong,"[0.7092419877298151, 0.3680932472452838, -0.7917273555084883, -1.943500200613673, -1.8366651991869278, -1.9428151729178866]",0.471
38,Hopalong1,"[-0.05455511018002612, 0.2707296575064633, 0.49810901109127537, 0.9902302611531606]",0.1547
39,Clifford,"[-0.32971058584851143, 0.17488968074364597, -0.928755422596518, -1.9362423895819036, -1.2422280262322416, 0.6771279085563369]",0.2408
40,Hopalong1,"[0.9825084868650347, -0.5097028859386297, -0.5349897180558267, -0.8410894019256916]",0.257
41,De_Jong,"[-0.2831522083559037, -0.31518593728299993, 0.3231321308332089, -1.6767448208399376, 1.649067521558579, 1.7090231452641853]",0.1908
42,Hopalong1,"[0.9277661048975441, 0.33580937265784794, 0.8096705381777785, 0.3898046358465186]",0.2874
43,Clifford,"[-0.33704209444599154, -0.45270875121824194, -1.9858048724029533, -0.6380457810987497, -1.9400230248042445, -0.5395912484974352]",0.231
44,Hopalong1,"[-0.7592194270786234, 0.48175819160489186, 0.5494785202878067, -0.17617423655689013]",0.1353
45,Fractal_Dream,"[-0.11060579693635653, -0.8477895985510218, -1.162208433923381, 0.687012455454596, -1.1600588662518012, 1.7105094068812607]",0.176
46,Hopalong1,"[-0.8085328978453783, -0.12437435822582321, 0.2679811358483246, 0.4226565861446463]",0.1174
47,Hopalong1,"[-0.7714752509744063, -0.4649839973511487, -0.08432190954427865, 0.444662966691429]",0.2752
48,Hopalong1,"[0.5627111976807462, 0.700295669465796, 0.3752749693763662, -0.9496670701528396]",0.2023
49,De_Jong,"[0.5393790022304623, -0.8135391380904358, 0.2689204368899851, -1.5295877148671306, 0.23734376997706397, -1.8163535272004148]",0.2022
50,De_Jong,"[-0.8846443110874649, 0.21062075472403663, -1.9689859944183836, 1.200082081729906, -1.437866080923746, -0.5268641827933052]",0.0579
51,Hopalong1,"[-0.37375665303817107, -0.9264130873457161, 0.5444008825823723, -0.8676187660993768]",0.1233
52,Clifford,"[0.9542482860345869, 0.49687084981420226, -1.9078450616884424, 1.3031757410637668, 0.0005392915006696697, 1.5121833039051809]",0.1258
53,Hopalong1,"[-0.19797997823496005, -0.7985512681423972, -0.7474914042110898, -0.7883481482877934]",0.12
54,Hopalong1,"[-0.4237793548817421, -0.6846184990662756, 0.7505171986827448, -0.9047914098528735]",0.2039
55,De_Jong,"[-0.3520518021827932, -0.7786102890268418, -1.9936777303085544, 1.3195044141558143, -1.4313595331285098, 1.2993596190950396]",0.5047
56,Hopalong1,"[-0.3726364627772283, -0.19485583310650578, 0.034302061512220705, 0.6135656787209838]",0.2685
57,Clifford,"[-0.8629201327593983, 0.26493766214398384, 1.0746871875496287, 1.7715702330187173, 1.2312740869540009, 0.7269927080743117]",0.3994
58,De_Jong,"[-0.1725514148366012, 0.6568927261234909, 1.7688121182089995, 1.2621529516725913, 1.9290487394576297, -1.0075953089881242]",0.3972
59,Clifford,"[-0.7038764453151634, -0.48942035363121095, -1.8663933932054033, -1.3054889800370484, 1.2860061396623026, -0.1902920411745792]",0.0911
60,De_Jong,"[-0.13121574747028997, 0.9729042492955162, -1.6906943419994143, 1.339485275409983, 1.5659083286617181, 1.5882367569078761]",0.7635
61,De_Jong,"[0.7451425573336172, -0.009049063265379464, -1.5419898943136476, -1.2392395805411476, -0.6829977830923726, 1.7557070189826458]",0.2489
62,De_Jong,"[-0.4803064590018393, -0.4830808378835596, -1.2300595430053711, -0.8607845656106403, -1.7548366366596584, -1.8953217356479293]",0.3839
63,Hopalong1,"[0.5608533886236637, -0.2583344442735198, 0.9454048874405125, -0.6446297326133734]",0.3474
64,Hopalong1,"[0.20999597335628484, -0.9216406150098255, -0.371723354222393, 0.689671685997628]",0.1414
65,Fractal_Dream,"[-0.24883471934029533, -0.7437842405495498, -1.9170277346974425, -0.7498704793547866, 0.03760451583374991, 1.3713465998936658]",0.1071
66,Hopalong1,"[-0.19962676899747933, -0.843560688050321, -0.98448220418594, -0.5921895567827844]",0.3244
67,Fractal_Dream,"[-0.36235850131479586, -0.4768781978122949, 1.456039181429087, 1.1027148729525815, -0.1243006403080047, -1.8198395759853487]",0.1547
68,Clifford,"[-0.33590117269393116, 0.7849481741648408, -1.1569886117021757, -1.2646010174328013, 1.1759182871589893, -1.1615301617003597]",0.1315
69,Clifford,"[0.5083911699340689, 0.5453905257631169, 1.2097495688036934, -0.9497344895989466, 1.859580114952764, -1.7153671868474079]",0.4482
70,Clifford,"[0.6918485583682485, -0.7915068394057692, -1.9238429925264469, 1.9292967664958085, 1.6932136501678294, 0.8502889255379968]",0.645
71,Hopalong1,"[0.05784023479111711, -0.6278002264688984, 0.7660072468925225, 0.682076933242775]",0.2401
72,Clifford,"[0.058060452249497185, -0.2652884151032582, 1.221093870871456, -1.2460833315355928, -1.0945577968462543, 1.8969375575560474]",0.7952
73,Hopalong1,"[0.5512093529240509, 0.4993595756970659, 0.6410922059187754, 0.28801585865112256]",0.441
74,Hopalong1,"[0.9001955980661163, -0.12510690975522376, 0.44276168259974225, -0.3018338584350395]",0.1211
75,De_Jong,"[-0.5089856084461792, 0.9173547132648334, 1.7425047970104024, 0.7115173633392189, -1.791618929941674, -0.5049180970749068]",0.1186
76,De_Jong,"[-0.5296902256673828, -0.008516440672075687, 1.5730764540861442, -1.3928468674438377, 1.1083986998608482, 1.8989284940215394]",0.2543
77,Hopalong1,"[0.3620137115916726, 0.45567076269714324, -0.3948599019727672, -0.5560671341002097]",0.2269
78,Clifford,"[-0.5938409474485744, -0.6495424761391138, -1.948486457678221, 0.44654968106683945, -1.8510124876281724, 0.23909235068526957]",0.2257
79,Hopalong1,"[0.350245621593255, -0.9802125695659156, -0.23552816267958088, -0.8794732806201782]",0.2839
80,Hopalong1,"[-0.40931718850421395, -0.22924871815368442, -0.052950768248072766, -0.15183510931682043]",0.2726
81,Clifford,"[0.05677644693055606, 0.8234701334662795, 1.5657499201157576, -1.6267583293430903, 0.10941775599829162, -0.9124935066280795]",0.3099
82,Hopalong1,"[-0.8469308740499921, 0.7902711145583798, 0.9817976220942131, 0.1817985973151508]",0.1693
83,Hopalong1,"[0.6877449711787922, -0.7327082002032559, 0.7167361005344, 0.4937063977925731]",0.292
84,Hopalong1,"[0.02389455695648013, 0.9679046380989087, 0.7706683512967887, 0.7742117551617287]",0.1139
85,De_Jong,"[0.7604290014634951, 0.34578775141616824, 0.202941719719274, 1.650215588674508, 1.0730292905404504, 1.239844883914997]",0.1199
86,Fractal_Dream,"[-0.6638510519448462, 0.13305109562824935, -0.39205976085554983, -1.7160123800103122, 1.7727196928191469, 1.806581753753795]",0.2826
87,Hopalong1,"[0.6487787275580725, -0.797898221594207, -0.437753762802529, -0.9516684316762714]",0.1318
